{
	"name": "Microsoft Office 2007 Styled Theme",
	"author": "ricewind",
	"description": "five hundred aeros",
	"version": "1.5.0",
	"header_image": "https://raw.githubusercontent.com/ricewind012/aerothemesteam/master/assets/preview/main-window.png",
	"splash_image": "https://raw.githubusercontent.com/ricewind012/aerothemesteam/master/assets/preview/main-window.png",
	"github": {
		"owner": "ricewind012",
		"repo_name": "aerothemesteam"
	},
	"Steam-WebKit": "dist/webindex.css",
	"Patches": [
		{
			"MatchRegexString": "^Steam$",
			"TargetJs": "plugin/themepluginhandler.js"
		},
		{
			"MatchRegexString": ".DesktopUI",
			"TargetCss": [
				"dist/client.css",
				"dist/clientshared.css",
				"dist/shared.css"
			]
		},
		{
			"MatchRegexString": ".fullheight",
			"TargetCss": [
				"dist/client.css",
				"dist/clientshared.css",
				"dist/shared.css"
			]
		},
		{
			"MatchRegexString": ".friendsui-container",
			"TargetCss": [
				"dist/client.css",
				"dist/clientshared.css",
				"dist/shared.css"
			]
		}
	],
	"Conditions": {
		"Adjust for native titlebars": {
			"description": "Only use this if you forced the native titlebar!",
			"default": "no",
			"values": {
				"yes": {
					"TargetCss": {
						"affects": [".*"],
						"src": "options/nativetitlebar.css"
					}
				}
			}
		}
	}
}
